Algoritmo,Tamanho do nÃºmero,NÃºmero primo gerado,Tempo para gerar
Miller-Rabin,40 bits,365774508079,3 ms
Miller-Rabin,40 bits,126512746331,5 ms
Miller-Rabin,40 bits,19271223571,0 ms
Miller-Rabin,40 bits,299258479469,4 ms
Miller-Rabin,40 bits,145057273939,13 ms
Miller-Rabin,40 bits,266348668661,2 ms
Miller-Rabin,40 bits,941393650927,4 ms
Miller-Rabin,40 bits,177886266427,16 ms
Miller-Rabin,40 bits,160331598359,35 ms
Miller-Rabin,40 bits,999197831477,16 ms
Solovay-Strassem,40 bits,365774508079,3 ms
Solovay-Strassem,40 bits,126512746331,5 ms
Solovay-Strassem,40 bits,19271223571,0 ms
Solovay-Strassem,40 bits,299258479469,4 ms
Solovay-Strassem,40 bits,12659135233,10 ms
Solovay-Strassem,40 bits,266348668661,2 ms
Solovay-Strassem,40 bits,941393650927,6 ms
Solovay-Strassem,40 bits,177886266427,17 ms
Solovay-Strassem,40 bits,714677827537,38 ms
Solovay-Strassem,40 bits,160331598359,5 ms
Miller-Rabin,56 bits,8360333047452251,48 ms
Miller-Rabin,56 bits,5750357569076503,5 ms
Miller-Rabin,56 bits,28271269352470253,25 ms
Miller-Rabin,56 bits,9243160117597387,2 ms
Miller-Rabin,56 bits,12150341373949237,1 ms
Miller-Rabin,56 bits,55134739969086157,50 ms
Miller-Rabin,56 bits,28274342633940107,47 ms
Miller-Rabin,56 bits,35697912764085491,1 ms
Miller-Rabin,56 bits,8187195754095847,32 ms
Miller-Rabin,56 bits,56077015600168319,5 ms
Solovay-Strassem,56 bits,21871149559341053,8 ms
Solovay-Strassem,56 bits,4281626392125521,19 ms
Solovay-Strassem,56 bits,232151541211129,17 ms
Solovay-Strassem,56 bits,8360333047452251,33 ms
Solovay-Strassem,56 bits,5750357569076503,7 ms
Solovay-Strassem,56 bits,16848225203334743,6 ms
Solovay-Strassem,56 bits,68483268576648467,23 ms
Solovay-Strassem,56 bits,48196223938434241,36 ms
Solovay-Strassem,56 bits,7112164663459433,11 ms
Solovay-Strassem,56 bits,55134739969086157,32 ms
Miller-Rabin,80 bits,60337013818449840271931,15 ms
Miller-Rabin,80 bits,4123810882478689424899,11 ms
Miller-Rabin,80 bits,504929367921399128606783,34 ms
Miller-Rabin,80 bits,309362880254730761744903,36 ms
Miller-Rabin,80 bits,374065966349578831468559,2 ms
Miller-Rabin,80 bits,743435293445235845290069,12 ms
Miller-Rabin,80 bits,616567623273934517399059,1 ms
Miller-Rabin,80 bits,18412121739843020489623,14 ms
Miller-Rabin,80 bits,202002518588199194097647,59 ms
Miller-Rabin,80 bits,1025657261894492850345379,2 ms
Solovay-Strassem,80 bits,202553791988037145358789,17 ms
Solovay-Strassem,80 bits,281174774925393334174169,28 ms
Solovay-Strassem,80 bits,90340750612875761618671,38 ms
Solovay-Strassem,80 bits,140521633384191718737721,38 ms
Solovay-Strassem,80 bits,123471074988347731480519,1 ms
Solovay-Strassem,80 bits,232684933514131998439171,32 ms
Solovay-Strassem,80 bits,271903548719424890816627,0 ms
Solovay-Strassem,80 bits,29089635815151527763031,30 ms
Solovay-Strassem,80 bits,925630776792936131302103,45 ms
Solovay-Strassem,80 bits,164519896079319116363459,18 ms
Miller-Rabin,128 bits,161739297567271342676979157483237412731,0 ms
Miller-Rabin,128 bits,66526043339254016188781237022152218639,8 ms
Miller-Rabin,128 bits,11613813597521688036231320419736493061,0 ms
Miller-Rabin,128 bits,118209952253021886771174108852211478063,23 ms
Miller-Rabin,128 bits,158580053152683616811314803328068374941,5 ms
Miller-Rabin,128 bits,114949601899373491894296007695435465947,108 ms
Miller-Rabin,128 bits,338734348288508492484713727221320324661,10 ms
Miller-Rabin,128 bits,95666582621180264429425667643254240479,8 ms
Miller-Rabin,128 bits,189125079285224538609792313837986249487,1 ms
Miller-Rabin,128 bits,52381026212924705316903583468772006399,17 ms
Solovay-Strassem,128 bits,37397626834038379616674346303427386969,3 ms
Solovay-Strassem,128 bits,11580829912885849385862568624151824619,9 ms
Solovay-Strassem,128 bits,113954837115616342789055313965699861201,19 ms
Solovay-Strassem,128 bits,55348582495398493227796678310180982223,20 ms
Solovay-Strassem,128 bits,28781805089736281008569860100887081773,41 ms
Solovay-Strassem,128 bits,281449998878572567704365886428981086021,19 ms
Solovay-Strassem,128 bits,34289185944226780765329402758524023221,57 ms
Solovay-Strassem,128 bits,92985500386065791794962404806374953453,8 ms
Solovay-Strassem,128 bits,196966491670414087182172230737704368889,4 ms
Solovay-Strassem,128 bits,756245067141147428237017085281607741,27 ms
Miller-Rabin,168 bits,179638172020699496441866700842659370101972021341501,113 ms
Miller-Rabin,168 bits,38938163550908663538371273721181700231802920756011,25 ms
Miller-Rabin,168 bits,72157296386937356294863290483182950637854540572797,32 ms
Miller-Rabin,168 bits,144139229001759518013455184998867514803799432313919,68 ms
Miller-Rabin,168 bits,151228294938446076771310163174969458150584342213973,40 ms
Miller-Rabin,168 bits,52209614007010100045205700690924328814339807279331,29 ms
Miller-Rabin,168 bits,87640891138150260856131220730548456849805482927261,55 ms
Miller-Rabin,168 bits,145658215782929118109709140307154380476198146245171,124 ms
Miller-Rabin,168 bits,243783290028291071223650387775857089836664229654551,140 ms
Miller-Rabin,168 bits,338206479859178464790163622155946516468645999465981,23 ms
Solovay-Strassem,168 bits,152563288452769823854013992420069949358464866501469,19 ms
Solovay-Strassem,168 bits,90386716743234813196963190348432505508528638736987,12 ms
Solovay-Strassem,168 bits,80652223702117841994344456520861015958549771177807,13 ms
Solovay-Strassem,168 bits,40609404051732060943430663928821266818328396054337,24 ms
Solovay-Strassem,168 bits,179638172020699496441866700842659370101972021341501,95 ms
Solovay-Strassem,168 bits,90633755398259535234594866717959227424814000971351,0 ms
Solovay-Strassem,168 bits,243105860379850086493527742823587353384041197730219,55 ms
Solovay-Strassem,168 bits,50276312479491695810511889890309511079427603159829,12 ms
Solovay-Strassem,168 bits,149220855251559038204497141986973654590171952021763,45 ms
Solovay-Strassem,168 bits,91496329883030879661713814132469573137242480265793,127 ms
Miller-Rabin,224 bits,10434436411214434300978091970416888048560374868860236860665199754707,53 ms
Miller-Rabin,224 bits,243425272464508009072049462353215090912089815881590936263265123939,31 ms
Miller-Rabin,224 bits,110425564382431601059396887875681074177358554929234022253256324443,149 ms
Miller-Rabin,224 bits,8004614631559642231145441551777420382558684515502658802807640022191,19 ms
Miller-Rabin,224 bits,11134673793959550685307739338832111983152934110750889479330627493839,52 ms
Miller-Rabin,224 bits,3330443063339986169158707728619197907599101624088537172881774972293,17 ms
Miller-Rabin,224 bits,10690935217326307445709746503441140388668989725848473691685316784047,46 ms
Miller-Rabin,224 bits,10448682477571018802919739051319113322519268931205991167854759295963,296 ms
Miller-Rabin,224 bits,3034474456201963447084075730222639744803321702544868126585994954261,225 ms
Miller-Rabin,224 bits,12996147139531763900159654238262578331602233370804134031404526895151,21 ms
Solovay-Strassem,224 bits,4189261068039921744838030058000469482562007537892650540279477587839,141 ms
Solovay-Strassem,224 bits,7752906442997184721752132807356978698027342356571631738377864019237,12 ms
Solovay-Strassem,224 bits,8446680827456523051306233622172322884161266215534188704477656122821,29 ms
Solovay-Strassem,224 bits,8122611853997652105471143123587870978351080053811479482142720745763,93 ms
Solovay-Strassem,224 bits,12590877250805111852683445263883107750167846147094009971994376235379,313 ms
Solovay-Strassem,224 bits,3011147049266829003901362236081020361183378441914223797004759525189,178 ms
Solovay-Strassem,224 bits,21713217247039525224279940474510588369236500247265557438744456199267,229 ms
Solovay-Strassem,224 bits,19881071555476532867179061797708342747365635306036354294016639040519,123 ms
Solovay-Strassem,224 bits,13543479171389979516091846170157553878655038172186496201480739131859,126 ms
Solovay-Strassem,224 bits,8207942305464022341167556914202592455126538485516002511344589143807,240 ms
Miller-Rabin,256 bits,5091899355457425957296287592179038414619567955831319481415599593984029793271,5 ms
Miller-Rabin,256 bits,8590552545676006596349700539871271165460342326952095629867482650031558024573,138 ms
Miller-Rabin,256 bits,114733341163473743419625839297575725414275330861990615738052073180399327821551,90 ms
Miller-Rabin,256 bits,19682307067615450859539190083248455393284523919318853610425301545537206611251,519 ms
Miller-Rabin,256 bits,13602741527816494644629998793148045569227147510290049652193274469463650519893,768 ms
Miller-Rabin,256 bits,17629807300898255490497938356866456951862759376706685673878968197114481668183,165 ms
Miller-Rabin,256 bits,76391058190202140353938376898040534166737066033905036749932817032925700028549,230 ms
Miller-Rabin,256 bits,74769961126075809887192270915078775424520385133302807738036812824792063629253,401 ms
Miller-Rabin,256 bits,4867405074179730040213214287658772857415121275109464176557282399002718383029,171 ms
Miller-Rabin,256 bits,14280273439662288150549974266187154600962408215012769968884838814484881136823,251 ms
Solovay-Strassem,256 bits,35811758070171583446783424568990342886528760504814519913955985191203315958633,153 ms
Solovay-Strassem,256 bits,22909714876423197275911299820516201077417828401466010217316458336391485986531,237 ms
Solovay-Strassem,256 bits,13901638068851462742769013286960424193770421475391133482840522715803774007689,97 ms
Solovay-Strassem,256 bits,26540063216947593946442852034325668981781902572261904345033920691430845924367,325 ms
Solovay-Strassem,256 bits,6214123025363200049900638362460206524677265477169728732933378141399319648803,190 ms
Solovay-Strassem,256 bits,77354874568366934588516967910258288669241910625923617725006169950937426211731,31 ms
Solovay-Strassem,256 bits,28517241908888156292160324735187871203859283591319321226695272873289160733531,11 ms
Solovay-Strassem,256 bits,82500539037884442163300706407771976348075655616879633784009607580334647757963,33 ms
Solovay-Strassem,256 bits,79893509398271249914320818311528770542650833032453285143642540446820581362653,48 ms
Solovay-Strassem,256 bits,44362002428268451653541343131157088197566576076613256707196170365133748670957,45 ms
Miller-Rabin,512 bits,6135619170448338960512741417893171668390350616300782157457891636122336000172909019845956205172725164663650376896679180034450939584585958465901444291215571,61 ms
Miller-Rabin,512 bits,5511525525506308219103737660848239434680938777765070516114976623996005477929170315157722063921713756091514014373527073733731509009008750953635391914366763,787 ms
Miller-Rabin,512 bits,5891590251006828623704400455811815375029955849207551392591168371613598255010696924191924562749822074922454711653738655083564734445294686387249245326845767,318 ms
Miller-Rabin,512 bits,4141747782814064192966192146197602873273970349465142674481177855782142225418117043507635796819874925779317117368546417231114010560537533049110318077234723,895 ms
Miller-Rabin,512 bits,2528454255423634436246393344900581027649375504608711482999997835246154826812998648679320721374784859264137886149535374324549827232185016856321772392282949,47 ms
Miller-Rabin,512 bits,2584735592317646297989813893983568245948323049686574028494600668330629893455547243572811533075240234066547713995670081481387896296392795023603662818771869,62 ms
Miller-Rabin,512 bits,5708435070686648502557415575381508613386850682049809247490458398070545858350909376155379372569340658784944515247932052476418099118502652863881243119890309,97 ms
Miller-Rabin,512 bits,10954263629733715719600995282417463057620792928399868703113592594719697960171860088598779616066749245459973725831372024017186552039680649716114701513958789,2 ms
Miller-Rabin,512 bits,4048524701357220516797817433082000824035481151213036486548566325268487703843045030944938227175374016196784115447063648162539846262251634892123087206700191,113 ms
Miller-Rabin,512 bits,11236227581339262944671433376929029247982676195142860273461453799820491546375980908834378988327132013821733130873144974920415273035493600501474694506214941,106 ms
Solovay-Strassem,512 bits,418518421654044099858176349340465125369203467478382124784255100133209715179178197841222995896307858726746359822387776448641279275188813122029659701983333,44 ms
Solovay-Strassem,512 bits,5040537067103868169497156705859529989558815476500030203117195075187679543774851970204317708896810114413979384990356805120488166282162826480181216231221727,153 ms
Solovay-Strassem,512 bits,2514724455005991032362153779501702801944661242558332899289313292676183056408572993729425179318449382716046066715025325335560827179976574925502587529935467,138 ms
Solovay-Strassem,512 bits,2218753001463342330675204449346804143525297421610709199638617346029389011263205196923605081508123520524690906067163310304589894235461046631283264642165543,31 ms
Solovay-Strassem,512 bits,2396204102506104659030419041405917599153766426866090152124428229453217959127213261673166402698538916073085878693527215934023477718390339945067111032660033,332 ms
Solovay-Strassem,512 bits,1149206653990672075924733671069912612845713662427680974458573391422678986191406908062307378606232129127769679279829294782336297896430916462830837780067053,11 ms
Solovay-Strassem,512 bits,8323404768201937268449281707238313647861046208118683058127592540834922586883519839679715608689189017715345081116873859276534231975106461860890089947400283,3 ms
Solovay-Strassem,512 bits,2847271924279878337244566419627033649759506676432144169213796885276404606695427370728051595263215953107796970201606092060042326932016971206812143405726541,71 ms
Solovay-Strassem,512 bits,12291522171591123334704428987160988804511071050718688803540860311494501890394358487749769635252722520005897437031056497745331814839790320695537541741089719,15 ms
Solovay-Strassem,512 bits,2523682975798985539052938748371537953333536655755733670351216351702919815006474113455752112008666571957981731622406015493812995524910400116304037768154039,149 ms
Miller-Rabin,1024 bits,76533132542983699059563609912242130806569744961639991708672380925088163224055978583762802108067894766487773262013469271630637837892664485997972605381901358692319940338085791943410578254161084008568070909294793961953667709990332619516879038019907597295441336949227493489638069697262673257655592767213070068247,196 ms
Miller-Rabin,1024 bits,83041382190322541005636061378786983115152251371209368796442600380788232258799924414069412527347390508328933244237163979862305462258722605845616185178499837278791181662650711633219446004620035637322396516351746878731874742604039082626624017734805941815613577001283015377304319691825765293010430116366641900427,97 ms
Miller-Rabin,1024 bits,39364007442176363149244601013229797093751578352103743630980282773259636310467506989257495654725734616539024720648623775639740847925213151906446352379239594912287092630298648389297768809907856031781175987708162035101449451984294622293639442574216956707772085909600564038798649634630859679612329507043538576463,281 ms
Miller-Rabin,1024 bits,50163523251085431834431891881742884325549783066331657695945667079507137460570441778516931766099547167208469703011191803807791109444659819784341403700148494934984405776042747528620707582251430796305877133753636266610706856780420829803331723625335893404941882235186401974795174471029053223621952320409147903109,468 ms
Miller-Rabin,1024 bits,44669957676201747796762320933927820422849853671488828662339999290255966057043105618499743853366465359973662239207167959378531005108679074991576400475893678506223068989209229267158267428572132959956326598614862436000162646188769420719073631481568577456602711011272163930875327377184847593939916867777801587543,251 ms
Miller-Rabin,1024 bits,135323415706596899728401175178972328930553777853688074743382821651011768755224290531916401494813397825003212895844587834561846815583657493907058877420570371684228602244313271186775022458641584416280095887764088577698648351019443359384643586296928170171877092263839314420015785160306397137219002071740440667767,491 ms
Miller-Rabin,1024 bits,40860138107458572514738671622595869779847996484641842302653156912683987857286482381432410539226440858463683309478338648098716880161395021913506755351772011434250842569979275348538506799003232075876401804891561673231250030905562821897813742285057744670909284332755725149136695831686966554940632362779064800093,99 ms
Miller-Rabin,1024 bits,8936210997166035680660553625530749088476700420330808012963251404065718597515167878221307186503555026606998951918602510800005610523627797596463280415729224197388669986675022599826646160800995559131168001091622518825624402386953059881863532781456473780323182425228466677928570888064591699449812551182989183167,17 ms
Miller-Rabin,1024 bits,7510825612618310419985686324938639017384776991544296668135031055434183484242047767670665573055783004163320032280577830181646307704469546080048564256447917394127300157430186132347156604303040675405361028843467940534947606780657506045337644982037792051885686682766108234944955060456181496072282393166567577951,693 ms
Miller-Rabin,1024 bits,92934439903064561984399983500441668692869954915987728875348693932418400958709114478153353650103203591685726773321465338988109951072903296290253039258362099529113501104564384732405749991442896065185217644843389940180300877068970261162969246681164886849372887929792282724244992678676192515849431197075159502483,430 ms
Solovay-Strassem,1024 bits,42239425309891918434888386956381687375843512018257334828447225904986269480909302012163872210709295566902753368226873658694805712104959297898998115400889547155880372692117108122846199162799115620151946890576725089326606620616452803153080768149563921441618261431912244946344989689414675005461533911750334920503,411 ms
Solovay-Strassem,1024 bits,85180478477970790849278746179975571026099748477837285661816011657861471238892545365139357183584583776412868700413139250189812980367065869382668984747328101904959833621798356438791428670273435152810299540576129241567873049960999544234311124542957611546314163210986090515554521256718186271155939033827054356469,49 ms
Solovay-Strassem,1024 bits,73857112241124154985323432492552264123615317289246093545787942028150058121484352851000085036390398220873511190858658323938404317562823151421126350143414092327213540512211491299663497159901398261692338279076273365453111326681354722969115000275829007718084452508596555922995394258231673795799065196656734238119,123 ms
Solovay-Strassem,1024 bits,76533132542983699059563609912242130806569744961639991708672380925088163224055978583762802108067894766487773262013469271630637837892664485997972605381901358692319940338085791943410578254161084008568070909294793961953667709990332619516879038019907597295441336949227493489638069697262673257655592767213070068247,284 ms
Solovay-Strassem,1024 bits,83041382190322541005636061378786983115152251371209368796442600380788232258799924414069412527347390508328933244237163979862305462258722605845616185178499837278791181662650711633219446004620035637322396516351746878731874742604039082626624017734805941815613577001283015377304319691825765293010430116366641900427,98 ms
Solovay-Strassem,1024 bits,135323415706596899728401175178972328930553777853688074743382821651011768755224290531916401494813397825003212895844587834561846815583657493907058877420570371684228602244313271186775022458641584416280095887764088577698648351019443359384643586296928170171877092263839314420015785160306397137219002071740440667767,744 ms
Solovay-Strassem,1024 bits,40860138107458572514738671622595869779847996484641842302653156912683987857286482381432410539226440858463683309478338648098716880161395021913506755351772011434250842569979275348538506799003232075876401804891561673231250030905562821897813742285057744670909284332755725149136695831686966554940632362779064800093,103 ms
Solovay-Strassem,1024 bits,8936210997166035680660553625530749088476700420330808012963251404065718597515167878221307186503555026606998951918602510800005610523627797596463280415729224197388669986675022599826646160800995559131168001091622518825624402386953059881863532781456473780323182425228466677928570888064591699449812551182989183167,18 ms
Solovay-Strassem,1024 bits,72880403785315267467508904674359522842944024337848039335256597113626982415003878295069267107536948189734736908961098938640418562519383490416441394727394223041229993879897548624729574505741077510219133598842408641059974274643383001851594962578909516290163076613768324969359402896340484895909997801552049966041,555 ms
Solovay-Strassem,1024 bits,7510825612618310419985686324938639017384776991544296668135031055434183484242047767670665573055783004163320032280577830181646307704469546080048564256447917394127300157430186132347156604303040675405361028843467940534947606780657506045337644982037792051885686682766108234944955060456181496072282393166567577951,152 ms
Miller-Rabin,2048 bits,7757045197010629470974472255970804140500150121331636029285652471226350723590161961126327859010168246603286612240637079785987783416440319134104139341005804743764916833848363066683185354928908903401256798516047850031931762049213400924295511653265109473348108986378528481596506823123090276950597030164406253341194682104042872284641533930336370205493845999728368325951800128655938937422451436816282034678057561219161894541034204680166064016982861985014781957831303562588317086575721566570351059557516541846624433636074019859881009211198037047964099177480462220764412043533485975191243896788958970312102949267920367908707,2156 ms
Miller-Rabin,2048 bits,14742445365213401232504076910717446550425524922845301058235123596718589866370939424360349589149095564384954580431195828338438854370993293835102458276423263944983215675781636724235339846958865056559332809632678568513136615185506838119493180237978780265660403055014211778780967237759566193633154969735218065301530264456550984631595336606946092927470310635052424643371076000339994337166845964583192118163744738931246506105592098120042414678239233042161012894057086959798885064674517259624656849729408120668016006689608088605200876525378798055665132362862512152072853438699176688144392149074525084581405386947961235464939,1069 ms
Miller-Rabin,2048 bits,8359245522038641498187641035313846650296394174465406847046036715514551779684105845746334327042442200482152365892339585986518927775266356476844286680641838280711983494286552408050075892241189790128004260619798612233244316002646117581353379496044613216034838681696110927013457836883722884388273165990281845318749919918692631503695017719720087139537209637040181134500680673108272686585792816881006134707025211851681419209385612327160923734767254381913358880596555603198496029649827542284703151070021127002785713306295263754121202572369902496006323462793887709583211582527684471077669637480978539142939443476359687908951,3448 ms
Miller-Rabin,2048 bits,14757383936156521614309780277077179664151759954171265320929606069695656590906031503211677413859138400118880150696527868573504169718296030792483915801242315436091349989912111259232590422298608493122877811708253466896054674117702905958361520313778082057205992895381091872909586655032234201666313666800580759667877313857321336542935971750576423750437549852242940431330202498142513894339952777075192349756391511232100027236711699493226288003632893134908212676996648640442463221196253979711308781921160884092585392044901222234869383651821149368937261456207127387385683699738085457675549304822632538106999246873386403924277,1925 ms
Miller-Rabin,2048 bits,12289783238635826484268323064921076215070121582338345554574813389657792661882999913574297721090594121485993685594344884009399281892784393368237484133446822586690114957052250271857221523292603740514596605538626872501308825177818924668740481953444785343526927936478534581015706114887603920092768920103069475879682310274451560583402258105686478150706833592349399044117349640802126376639506253046137932836894842867202871193048102913057535629640433380460958152047591672827274334807186614679615781559167735005367441925751457374852405331731009400676040886658292646937541975840899555625643293540419250373936663786641736254023,2770 ms
Miller-Rabin,2048 bits,6227123737679714162889519527386274762716379191882712653446348662143852570686262721107929304144361507403706387352933975718650928903244872739476602880551688924979531795519887322067942532284540300887626591292539541956282598988470505414842313136748373177002522805065874989587013161491017132748032377042499621775061094223146227229879687008276397572562855962975752464846488042147626157640135514259667163837738616503689820253394912106090956250981910104030469152753352751109672134635874354009104334657289370425419861198469212228731819094322494103881616618392700055594643623005637926070494525979252242285117663540613293021603,2053 ms
Miller-Rabin,2048 bits,17905317537443219875959996024806010689748442957733918696515741290476191821507247097354717359212023231704558043066308039148474013954681471021453988940209208071596133310249536638096131952068720636780196524210208062846819104805308692531355320058074724677493313242413150262405010074657363091589400046730076173020156781708956938391375302572268390984824726328549115090771770191563195830841586477331474938756380925671010309794549150907819651653223524323212379700171725388893671875221382317726256259903674634559193892921521935156630864524791105119491576646045491129311418651743315018832592370497461926905894093984010805875831,754 ms
Miller-Rabin,2048 bits,10579409467095043922420887989954554171715863312338535322200682751071652902689224181543178781813921571091110765687087372660509094157471568508624927486494088710697365869756562882330794596239302437245559464544067630476395185045755323733248177377796685871074790459245937253301169840383575630178607271553938624318024990927664291406455884554772657790377437131569650365286704285330784239271711880949355497583981376917387216261224790804941931480697683710765454129090402178427929780420967047404636600642777938653136906762623763487900825022709697596974822325360206793056434202679652226780545593478205990767975032410885165558061,5175 ms
Miller-Rabin,2048 bits,26346010307294551087269104411521305406844125785337936446245935849885892307593557507858667279939615468762422451145452697098065553577225107066746809152387960414868552340295449830917984363297675696718207418989938565297597017856136758669205764315702776961496291224531308880728842416552324729707920911999805751692519669055241136689243297019772624413193965474492189272368592134541952906019512254311627250310625004824601340591210197988015596061398384947936337870307314969601171036091385646725460437808432813253181752565703443798675757017485570231843230598870533502704150433639291365798413727832349678149962327127354485559797,295 ms
Miller-Rabin,2048 bits,22519011975422972353636732068990834165547410328593551751683405613982911050099923374066693458378187916848025487394341026120457399730502091397188331724370077391226347174272752367483021877448852765181706603554239679030160025377625699618114932579290112740520984308717997041126493618946002899769878046521793995435249022483685742746255368691027360939522715197426612382662791998560050316064101439450510732935927506145578113590935164245488236848836576014282921545119388075280797014715141492046089269712822685987432550767297514450752567292439777552733184102836937101944528444521324907693952848495841819285094510082812452365277,1000 ms
Solovay-Strassem,2048 bits,7757045197010629470974472255970804140500150121331636029285652471226350723590161961126327859010168246603286612240637079785987783416440319134104139341005804743764916833848363066683185354928908903401256798516047850031931762049213400924295511653265109473348108986378528481596506823123090276950597030164406253341194682104042872284641533930336370205493845999728368325951800128655938937422451436816282034678057561219161894541034204680166064016982861985014781957831303562588317086575721566570351059557516541846624433636074019859881009211198037047964099177480462220764412043533485975191243896788958970312102949267920367908707,4211 ms
Solovay-Strassem,2048 bits,14742445365213401232504076910717446550425524922845301058235123596718589866370939424360349589149095564384954580431195828338438854370993293835102458276423263944983215675781636724235339846958865056559332809632678568513136615185506838119493180237978780265660403055014211778780967237759566193633154969735218065301530264456550984631595336606946092927470310635052424643371076000339994337166845964583192118163744738931246506105592098120042414678239233042161012894057086959798885064674517259624656849729408120668016006689608088605200876525378798055665132362862512152072853438699176688144392149074525084581405386947961235464939,1062 ms
Solovay-Strassem,2048 bits,12571201767689151437924497420536595045377002226403007723098753641124166438875189830833122344385084499482455963852465638147180964375845574348639740644099387138501277220441205725976527550565970181656629210639378576622093565610203214198543436784207943182530716995263445446239630219629688579548880196247107030469030066345613490482218199163061817880741173683304240016182831682075596505063834996518009811958581945462039588734085248645938044531163349298658410719438556465191034515694174770939420394950954540360587121477101242948249535778030441205704555320503702412946214090027530257898051888106242643089613485294821304443673,3415 ms
Solovay-Strassem,2048 bits,8359245522038641498187641035313846650296394174465406847046036715514551779684105845746334327042442200482152365892339585986518927775266356476844286680641838280711983494286552408050075892241189790128004260619798612233244316002646117581353379496044613216034838681696110927013457836883722884388273165990281845318749919918692631503695017719720087139537209637040181134500680673108272686585792816881006134707025211851681419209385612327160923734767254381913358880596555603198496029649827542284703151070021127002785713306295263754121202572369902496006323462793887709583211582527684471077669637480978539142939443476359687908951,51 ms
Solovay-Strassem,2048 bits,14757383936156521614309780277077179664151759954171265320929606069695656590906031503211677413859138400118880150696527868573504169718296030792483915801242315436091349989912111259232590422298608493122877811708253466896054674117702905958361520313778082057205992895381091872909586655032234201666313666800580759667877313857321336542935971750576423750437549852242940431330202498142513894339952777075192349756391511232100027236711699493226288003632893134908212676996648640442463221196253979711308781921160884092585392044901222234869383651821149368937261456207127387385683699738085457675549304822632538106999246873386403924277,1930 ms
Solovay-Strassem,2048 bits,6227123737679714162889519527386274762716379191882712653446348662143852570686262721107929304144361507403706387352933975718650928903244872739476602880551688924979531795519887322067942532284540300887626591292539541956282598988470505414842313136748373177002522805065874989587013161491017132748032377042499621775061094223146227229879687008276397572562855962975752464846488042147626157640135514259667163837738616503689820253394912106090956250981910104030469152753352751109672134635874354009104334657289370425419861198469212228731819094322494103881616618392700055594643623005637926070494525979252242285117663540613293021603,5480 ms
Solovay-Strassem,2048 bits,17905317537443219875959996024806010689748442957733918696515741290476191821507247097354717359212023231704558043066308039148474013954681471021453988940209208071596133310249536638096131952068720636780196524210208062846819104805308692531355320058074724677493313242413150262405010074657363091589400046730076173020156781708956938391375302572268390984824726328549115090771770191563195830841586477331474938756380925671010309794549150907819651653223524323212379700171725388893671875221382317726256259903674634559193892921521935156630864524791105119491576646045491129311418651743315018832592370497461926905894093984010805875831,805 ms
Solovay-Strassem,2048 bits,9522413917288049165861977850487637970212327042827655177827434117072033302615437696758860621847894811561556555214999268512792213353748541118504406892198521520351577505111686510097989846529156141823915560491351482555958638665097197325371160946745195540817430563265066228187047073969142373355370590529020864259059760003246520434136814540959540557964947818114582211373767466657095295956953679160459412960757204432523304745311008360143150477883049576989156184583170605621036813831507683536163513794723814336849790766851153469381257402540123272902053440128998830506447560809473118969881802811880452527944433349586630720129,3645 ms
Solovay-Strassem,2048 bits,10579409467095043922420887989954554171715863312338535322200682751071652902689224181543178781813921571091110765687087372660509094157471568508624927486494088710697365869756562882330794596239302437245559464544067630476395185045755323733248177377796685871074790459245937253301169840383575630178607271553938624318024990927664291406455884554772657790377437131569650365286704285330784239271711880949355497583981376917387216261224790804941931480697683710765454129090402178427929780420967047404636600642777938653136906762623763487900825022709697596974822325360206793056434202679652226780545593478205990767975032410885165558061,1603 ms
Solovay-Strassem,2048 bits,26346010307294551087269104411521305406844125785337936446245935849885892307593557507858667279939615468762422451145452697098065553577225107066746809152387960414868552340295449830917984363297675696718207418989938565297597017856136758669205764315702776961496291224531308880728842416552324729707920911999805751692519669055241136689243297019772624413193965474492189272368592134541952906019512254311627250310625004824601340591210197988015596061398384947936337870307314969601171036091385646725460437808432813253181752565703443798675757017485570231843230598870533502704150433639291365798413727832349678149962327127354485559797,299 ms
Miller-Rabin,4096 bits,424381387001510270496315476640293330119406638944690084383003836423690087489106970392263697970159111407673131222764117992844310964918530287700292985649759833445545741413222761305416294781615173583174883870500481136500148272505266296800283076768093014074587124751756378258472221362511649947464224419822530752529129553780026726871608531507526537926844684994921916677666386498915763509924361974911401812933565377535217337454875602340966567309750288604213273351114860119057518138684103083442488672990696837917615026399465703145499382097859686270038604098220888365581007271050677694977050126925061209101136159613518161823239986471180718076303156182381628513028663527325152047522459156399685372880608165000456956862277327904537656788806281149698594452110452820901582633153613806943627873306287397556932856991314988086056645608250027463481966385753114321310876635958503191461064074624203034115800506352405759575190185763518781755823640388085345435235567735032521762944580566763662941170581716259093308661274750357127807985076325569000782435114334681914279676834257230055234271104487687321716794132964673075556055381680104806732525823812454695818225974527981749611479315973637624565126050834250036225255236143021266060915116458202499163652541,166350 ms
Miller-Rabin,4096 bits,408623882574009811991202562444320056514755800974873813849536613287900261782238554718902980627967743051168767036342549877368404368224498867291010874412388562731518204372672341562073717928012263861624852996644977576369184939611398118251778788621982265252803467828112313447172882639438152278271129790493916148241851715507596692976869231397617248678411319871114445064961904947969820720002763061135860666295249752376428073965252025170792786788785045454693155673665316787052244871494581648131402748165100704820022276886961044398368992224803635142095814679700758284292057528878711920362552038604782126977178117646655169396598810069264455212441542132220312630709728487005220861492582987480819098484522428704819134064921130079726383420154499889687193190405096608355276010804668903221645672305876748294474423151899302961198843797136060576082033598860800602164803322910256076811428516592863290576437387477641330304850279652479903335078136428458262870687783223003969883182513811379475894564146755051056757474218293660048071416433827109206736635193826704983913541269436683669794697657370359538685372573953574904310891440327855129587836135593098129333074693290321804214038753024984100883225461492071728632372063521081719874743175967164216339359187,176247 ms
Miller-Rabin,4096 bits,48270604809960256929974295258537006658487368237510559187971505720731194388227410073659049606058357821667413610820954425777422339199003498832176585888192470844000957530485043132314384505050591293370148871461128109300623701412310256031381167471393653190374665024305908331248686953525837394165931602484506663671057038021541145112133372099097365355077771726497398847750749962108972559288703240210986459912129912469612406824927246556248356351050272955802986083864685748759010229651254179265660721712381617433920693483114517208425060869573260876347722173853542997372674990739615413375979542156696459607146642228447066026106589190262696544390750619141535127073552257809727124803229045883415411813384317754888032597850721746005174298811128787077246828742616428827886819718365979432730414149206333171739208411835921074229527025826841402525758071663602420738713845697048696669259710057322857279721823476801036474863307745443380673613490630554661253193497948153732950358303437441283494738484212522079711262262764630510813857571062578445883424273497875429874930809707791973360854678308781335304531535401862595485251287024487140271191176590884663828464781751971557713746379257450553612165910118602647684757580697135251045254845603407142997665763,86218 ms
Miller-Rabin,4096 bits,66453109936307277350754355130317679741996458366614789224658609495572282698302505422568786651683836815438379329391260303495884571821647964884603493681097836692345427840532560351225701980895928835596627050132600871609185901871226530501739635513566338957393422784299711421822934698227546887507752425334631405411113100036312112803126161305106211106455951528261827428280110726533103343454721743090387899741408757490899231743606566390086767204212665604588119946747735468715533934026707082268552852919741669787045126054606789081688026986365999922455402481611898679461381293172741094619365197719420611682408636301048367959404297165517341049949140612696936434833490249029768394757718436781711726071041835174529379441432736850679809970542885267623036600415500138599719634778011845440466936927612444479099080718499011527043940046588221286356021848140161467526904144862655254221147247698656891276981467629384340970723036505055442178724229445894289176335534097604699807237560480479968497547238293745469180670661533682288046595286568128479683634286777210133407343811887282213706588133957093386265230053699537159463626755981606132916395638468138648341103110383039395173475567306282901074979596114930721223338572887114216994590886558138586718475267,139603 ms
Miller-Rabin,4096 bits,446456889873201090959031045538277380512295527876936531719616988334299908759304016531226759654449072572903330315891396834211614084953406438272903941294428978055555697895738476029075410960298386818202424062869139628233479647836608085109924003409227937626438774805872718542302878057697105392712661015159220490473653352038778257919144115818622798685407422086392903194329458600437286480172178619295767574757678775468996079636670616769653889931857092224929189193722068717716193932015820945202814551143675183241128211848625634452775896423513756190775127972052470921286331733932248351464329371261906473051390596363464434399944758119132967706570601197614378004658065566406098195442718514747591005135564700413134820930311223145249941445886652826842781651540881150626749688035649756301467216282926139420599853948395885191938870099790600723476553313208576219288541640018889682078416689965182407547660694821479192914325982466366404287009858085216117845365055883800425061934909794722414894320322425425738005760474218524798150899391874939730509194772985319906059788894849288364151999494348319014987755918313069106722243499854113498847068912523206855380133908922592137444728666978142926913268000197699141384141267959817843842910049718389746066075287,82534 ms
Miller-Rabin,4096 bits,382829822768813112258828281674753951149292455640203572897842133158388276900453302450194706239559216696065074347691512415084727657297437146895332555936344314186739623022834923139463144024666334209865157504206610880245086477466408237694686145832530518112556107164118655864171439869297270642746761052736203429782449669348982708470175311994377070071658917323734311235549884881575719433099408065077501901092768610398930154004443144199475474947684264323197452675779794445758390546146820443463226928251014950248079306899320183903758070098405056917503791339059348432147585723551142389294657354578492864561493106427961014742511306032445550494731746067321717975364809396211613794072459974809234311978563668275335700842433760277665606866138880547295040911970585087035094759647841252602142852724586107723898441360221964325834079998971715567398682099824950063414350034988869735365763108207535878838955913290555011677607733637645399583493378628620652456125758858502767372756852256388453102174897325002755345765755314869366086858415536406640366447738168599697444284174846629245581625112178183588891179156976579571511962547754817355786790119297644602680846375761541599765147697749972446858088935957421536023161163805793352174930155109093230300135883,11511 ms
Miller-Rabin,4096 bits,761606806810188630481030831508806407230529283514790521622640535570561927050417029438419776164978693023755481261887664100170791637279007516468092863090143644879344219439514421089548308882667244262776750859331389293220240463595445555619040887398489710370692488441125244997821397222427821943779996077868648287067543044524538890053554879740973606995062487141389688657941471088509604700550192083524668036277027088365246285140395751958846860922646140142882769753684397114388506909589160201527002165715700518892873981205812891891237362469764257299149572309821270751299801873223703668077293299969323796080629860258162971490143357005230807650370403625062483524568555793391929485084921043539004204555311341523928393225617274127548089351684086248806293338946675279975763037218703654728295544339774165127362252230285340375266244549399160907484514183727216906824213210437213281867514488751476908889791701445063123178291287423796779367387516627185451416046317698403441895348630918302318546396138054188377169328008884194749063499597101664707375483752349237461104846317914858891268222581732333993622632320378254386444839448798799467580933674526480751583802991841458124811784076849974132165215066145863511249642926114601864396381240746818631055450423,1317 ms
Miller-Rabin,4096 bits,533288137521129237862721443806991818646754486829904788142668455195553547669929330036164555912240136970926178459430335243186351894009468585032287578869585874992812677044396197434742141215126257429896779978248372959509659914920094368277402278849521305290725533550506660072104392688904179797312588188288464227827389680821508815795351197005875486402712817288223269404805461804350166310753000342118976814701989730695573695634174043448976042456231928358776260688399670134338608748048987314935635141132323283059091759381745085766611919373566620179778703658505943053548569724542269620696877145891483548759204772826531257764738761964885879772951683825478988546535986686534848999216612675526640154599949719964302621815985838878412538023045089003112722736014388505950115132024656267776733475670112395007772353744593959719526339337262161725673115516546020895864393940974874741156237153184828457201040519277323783478086486813057578789671915000147169226954356279959228514374136650806226137658135083719641162913088976608505750701214773495120390361311849737599204877163087473705787278991584833875644851517277672534783322000339121508220164661551930981824733338149272264747779280738138515848733094108085287358074338724832213086576219417575803570897061,185661 ms
Miller-Rabin,4096 bits,694718561163546312904933562464212376911920921335109399946714435580546790950234217994044105077175612046004317681216641987022300616092050044134545100899532695436197183197169498183451539208405155377003535257593631137691063861848667597306002193581450736311406923395455160606195106734239903106250783760682703037623949398492500975408260184733063680709027174811333793557174865568004133605882663405711376405433406709965211567398445936310284809770774147432047580947514258082978281186407813075690196580259907414881126690304686859793273010948864141005627071493931969341235689757405666652885759805740510819368610365440390084896070291968816933218612279172145467885919488164187528547005313872904385849836797193224664741172226504692517235942469576341360224493599810891983138498094414556343672915944544417667053405031502519835426459924243481818800910400037528601756768831623101193182196016275933743016753098301257612417122978054046490196451086530454065434881968179130419850369526416613049886570245806923261972481613784705626466264836865543398658432504202070796069530825905193059256194414644740587243497410383072433768633035533983206111691675959908141197999809250655177997810051947205506602804144397001831023388840250104764948347345492610763476068859,61911 ms
Miller-Rabin,4096 bits,45400072126647064631724384626364549357687680267848874767957221880261457583922940008564584792496050845885758422445335996259015007455275982688137249965522315536309548325943571173458882083862370324929100377351553478810875255896330741914178416666796719209808090214388243094751007099503989608726380507693120529990751996585912467463965940283513866300577999939839618474324884688110093247221570721039325959433321678501428059292050294577339729006452083401337707546378389775532419462248253885999046475512145791503402557820953290669724696841855206741313365675718881727104027767870227761768389192324309038808431592492414696898593808748611210495653273658158746011467755655436867836205332903276264492725380479286367956589472568592116497939784771543917113382556001157738189724246124515773400758748356442193063789368441260745113307952283933901565225445789115163032733834107724403287651462071692545270174047541882646467259219992661212203468078356800312538891873178974621840752784183822990071891688858745632934609779100756847626157501394282242590427587731513369487843206568565850156720299899521275469485150385307252098717877989564266646785541338296559659306258028750667944970517882873066439488523620986120243345127292249422506790595363796331328304749,20250 ms
Solovay-Strassem,4096 bits,408623882574009811991202562444320056514755800974873813849536613287900261782238554718902980627967743051168767036342549877368404368224498867291010874412388562731518204372672341562073717928012263861624852996644977576369184939611398118251778788621982265252803467828112313447172882639438152278271129790493916148241851715507596692976869231397617248678411319871114445064961904947969820720002763061135860666295249752376428073965252025170792786788785045454693155673665316787052244871494581648131402748165100704820022276886961044398368992224803635142095814679700758284292057528878711920362552038604782126977178117646655169396598810069264455212441542132220312630709728487005220861492582987480819098484522428704819134064921130079726383420154499889687193190405096608355276010804668903221645672305876748294474423151899302961198843797136060576082033598860800602164803322910256076811428516592863290576437387477641330304850279652479903335078136428458262870687783223003969883182513811379475894564146755051056757474218293660048071416433827109206736635193826704983913541269436683669794697657370359538685372573953574904310891440327855129587836135593098129333074693290321804214038753024984100883225461492071728632372063521081719874743175967164216339359187,31580 ms
Solovay-Strassem,4096 bits,286550677695794144789251429913254031223123924819042583495629885026323987341004513406231284708467720654322979903241362204895825410802275856283860725427390615698769436691898599566194357497476770475423852460215810602738801010807469627785892431688469782725285300120879929259658016364038784510096362052267615452090452266673952882701365970475137713503531516073619674996213493756525838239597160972079527313336193118636851451393501241066756180144130899864498913123324058643411003990235351211184290970410716084074195461331786249582984933711806057031925580713040040299405293872969402497672426170929125067344611491135019466249603769329768781593699594527831265760084941820823539702921509110363990509986910361176902601298078959824195750366681710188418059504645922581663865971218354822268648642572452367659235343326844324546317449632305595817412381743224339342195635761858809797307102046076806070019749045455449996355304620907113698437064952807568316702598288036586268771390232478898099400791430342917257620208504346146955776653661685301486822813112569879566398440250837581679140468672773265888059043461572509135122719055000164583878840012190555812805071709876718443532655968062347983184378214609035805898899001671612778511134626253064785706950801,83014 ms
Solovay-Strassem,4096 bits,48270604809960256929974295258537006658487368237510559187971505720731194388227410073659049606058357821667413610820954425777422339199003498832176585888192470844000957530485043132314384505050591293370148871461128109300623701412310256031381167471393653190374665024305908331248686953525837394165931602484506663671057038021541145112133372099097365355077771726497398847750749962108972559288703240210986459912129912469612406824927246556248356351050272955802986083864685748759010229651254179265660721712381617433920693483114517208425060869573260876347722173853542997372674990739615413375979542156696459607146642228447066026106589190262696544390750619141535127073552257809727124803229045883415411813384317754888032597850721746005174298811128787077246828742616428827886819718365979432730414149206333171739208411835921074229527025826841402525758071663602420738713845697048696669259710057322857279721823476801036474863307745443380673613490630554661253193497948153732950358303437441283494738484212522079711262262764630510813857571062578445883424273497875429874930809707791973360854678308781335304531535401862595485251287024487140271191176590884663828464781751971557713746379257450553612165910118602647684757580697135251045254845603407142997665763,3882 ms
Solovay-Strassem,4096 bits,277382543546720726235687263395898510366761958945142187509876370223908247253309261334381877471061539279029065649017914670854665216548695078202101481338292587157950217196918246112576647976962257453648618234898015234828323736739008941863854222301061612366355618114116138578581200386515827653356988433138996253656438860572666382490180064528023663483719016555084766713403402276095432428766831981657977723820653155582675014160999691399295810223939705086489371726400037512200861252660144200654610336244624425165997232925367785618743465371749721177400864986662348992205578274214866472955607073368492485662634189366068868994671016077610617214218410893117358734785982665851847653042178707657390326861276550160846572264322668970721356943016720898167460018983719190089890605263661337839269403496643003783961031987941823117533821334852460210820397585350290547038834335081650383937538780914245345702720261317941806733102480772629387109947858141864920626778672322216798048523503433617302872054564117171423707289985042110694929335976419261252681913279723261619272128586734440137806482075898422017423164880069520946282442627142269398789039243232144329415450234237470622207772789477084255962318825638017538771436409555398637116679460353560008934674081,21285 ms
Solovay-Strassem,4096 bits,66453109936307277350754355130317679741996458366614789224658609495572282698302505422568786651683836815438379329391260303495884571821647964884603493681097836692345427840532560351225701980895928835596627050132600871609185901871226530501739635513566338957393422784299711421822934698227546887507752425334631405411113100036312112803126161305106211106455951528261827428280110726533103343454721743090387899741408757490899231743606566390086767204212665604588119946747735468715533934026707082268552852919741669787045126054606789081688026986365999922455402481611898679461381293172741094619365197719420611682408636301048367959404297165517341049949140612696936434833490249029768394757718436781711726071041835174529379441432736850679809970542885267623036600415500138599719634778011845440466936927612444479099080718499011527043940046588221286356021848140161467526904144862655254221147247698656891276981467629384340970723036505055442178724229445894289176335534097604699807237560480479968497547238293745469180670661533682288046595286568128479683634286777210133407343811887282213706588133957093386265230053699537159463626755981606132916395638468138648341103110383039395173475567306282901074979596114930721223338572887114216994590886558138586718475267,118983 ms
Solovay-Strassem,4096 bits,889505986638205951747490743409895825139635255235710080001092686040154539701982085225429855080671273595183953348428063896873831068697281658482978041416965012790524118975684964112281803090732688000375082042060200523069757963385831291655048997938390974173758263732353364277506546071132608783055774828634212189951791585663420631820972622317033588707527669961968720575095708063988870759424494135401679732745604857685115017118252490049009830744516559946070954772027884467420574188636639975327039806658179105068849137479766058880815607058452143038790115955738798282231089193503095669044228178887106395703771191324294912950689192932641861222255456320288458017521607038155130928024872609093131840321811124890839025691777406472456126493384452668958148628765419325373763111112792349478065428718820575095054228590826421087500907862939552538907470019923933925834034528976410332098950786309959041562893239297697759724642389683835281022134087448708010217615236383377817484632543470210095605359796233295232960905520556718511942603202176595541121584332791770042754537539518122033793549646254300323381258138697026732351897327668854868961741815246619793352020316118518620744391800570792197652871885420602940639911897906606476208406554463610333650822647,57985 ms
Solovay-Strassem,4096 bits,275242221449161786538932566480401975722367340681304875331787351088093453894558863125094715986497741506177203055831758002066193162938126846441943380380476018086583279194190659146846471396641551734928307885151993609440997761410883739088665441927571193238195841171072372325845431170573659313853638701384940708497805809310422103967881897819985825756563918405813846890782844597780672058693891909263395963780939330601609511671172245928478522364297354763303911344847813179824491277290106407656439768635975435848547938547941222961475104590049894700647959255610474663301993485149830953908184945923394948500666115811039232947797138879785758484046863480155089351987136541139526747660157846397783469762808957745325083093327060711487902347453082237358406358316964300984514649952041720255275086663492383861613971077460183224970674005899687438358074550255027232340624405899344631500834202460255617771426991235042434082816970926663161119695219593531017393402090891061881998371020542174891402274930074634252823569350063135539614797098190600529863306968648495767072384853218524815696171796233260512861212072495482885859383277056031711364264386674076179928337618635301063767334466601785767237235488918406039453540962403475660191970600994147515077418609,36459 ms
Solovay-Strassem,4096 bits,1000772815117184681616702685918856747307429027804145149954129047894325424039477326469299671785460739146403653080632190607687189896569222786703728206744694268178601235019533802089650323502797071391659966748219425899187693778842799141676175148695439982908817196098440379962076869446627060022954788064621848856214942251643422309845629451662793523896219938657490909393740938566119706430385082788402348345713255088781432459716565842855740929187515811052208140181248159470661966671075881110964845448292849655221680942900978908721391285140196745019420226418343262129319245485243300500674380775549991454494716272727282823545708211095581457046616471327873327829114378658913128745273651869550864783871661720085230330678627693419158827079576712296607916779282974806810471102022844028412535884636712321839258463770714161284270918676072700024129600448102305777255660439526679589271750822537485782894128408299917786847347038677006492930434132102783650109987515920247746206240541066539038117034768423271899975150618148944165238319576290921720436540356371362334814988789655483689435023843954482439074461727434677963034228110696506688439583016573299621718405743204484803191044518078730972832654732457253380791320397301097758314756459616908418592479429,114369 ms
Solovay-Strassem,4096 bits,23480242457395417430149727896486120729172492506469614003313589441528641910680297269563570183218397207812106693398863139167724144928893702696519237141547318308381187017116875430632693897206908872201453807419910485913655077218636731171966299673301608486823763513249930606577943720603201257021007756070371523635677427008934755440604416256108862536674133793013044864188427953365974586213245098666360706302258593769274518329164914563514124515493713523827895035174641095463757532363060060415432355924969997433238637687809761980913947365409788225857730560215311511925661445288622887231388736991983429538568858123156918698142576970450829406102269236801437221215856640767328094723364867387125778674604216642977702424476258099532322268179611822982467859331453400036959386380295136715649497775837008500969483425843538788994507999123461099390787644571644731583093227314800793778284682597068514759543238512862364821573465123148368657894706469385470252423262982730356044854886867922115952509509497648758913818835793434514475336129117915563339135179912300879609503658962136290929223482491758587470186767302364933179773161118531290127647675844774194299288918507969689825341565525036461918068387189373160798700688440685350205488616094366094282772059,95879 ms
Solovay-Strassem,4096 bits,599629324157320372597468206771607639934539780400183855148386019565137140325315569615455620233276324850623487476945172798021139709950884908266153949815963934260486648998428129631049363792758238564294899122633076676950320594694735263715151473098020682585333192870814686693262704405546541948596967689337932015782284336542636439791554451638479344570560627441730656227151613167856539259844031348981179302998152206680758868009215375315749959072531042138895558050075251299035431630599866925000984700541182751026618032785577482977438674587140333876845650504076637149055891642727142437967961209911248992460094887124863545695892513072684354214323136679900714911546446351103754238767273478606769343557919144078778919391465883726341533421106545286150824267951643309387540848626338711413002598492448399085438732681241736169260851042916599279753511750612880687825605801923173431984675274266573641640362170155565462385679363271876097168071677848438642366457067820636290185989050449465513772742159576309844429408141961134599632733729710683756776468269166827642027669027301110387287008456216974476954556407231244202972734245779760431807590271902746697539609733422362945928863011396631023663249510281940364346417069177323069451403585094136313780399103,34975 ms
